date,milestone,snapshot_path,faction,opponent,n_matches,wins,winrate,elo,notes
2026-05-26T00:00:00Z,BC-step0,brain:balanced,arcane,solo-defense-10wave,100,53,0.5300,,clone-source decision gate (single-side defense vs sim difficulty)
2026-05-26T00:00:00Z,BC-step0,brain:learning,arcane,solo-defense-10wave,100,100,1.0000,,clone-source decision gate; learning DOMINATES on arcane (+47%)
2026-05-26T00:00:00Z,BC-step0,brain:balanced,mechanical,solo-defense-10wave,100,84,0.8400,,clone-source decision gate
2026-05-26T00:00:00Z,BC-step0,brain:learning,mechanical,solo-defense-10wave,100,76,0.7600,,clone-source decision gate; learning slightly WORSE on mechanical (-8%)
# One row per (snapshot × opponent × faction). Long-format on purpose:
# - longitudinal view: filter by snapshot_path, sort by date
# - tournament view: filter by date+milestone, group by snapshot_path
# - per-faction skill: filter by faction
#
# Conventions:
#   date          ISO 8601 UTC, e.g. 2026-06-02T14:30:00Z
#   milestone     one of: G1, G2, BC, G3, G6, G4, G5, ad-hoc
#   snapshot_path repo-relative path to the .onnx (e.g. models/ppo-snapshots/run_a/iter_500.onnx)
#                 for non-PPO baselines: 'brain:balanced', 'brain:learning', 'brain:mazing', 'brain:bc'
#   faction       arcane | mechanical (G1-G5); add more if PRD scope changes
#   opponent      same shape as snapshot_path; the agent on the other side
#   n_matches     integer
#   wins          integer (from the snapshot's perspective)
#   winrate       wins / n_matches, 4 decimals
#   elo           computed by ml/elo.py from the SQLite DB at the time of this tournament
#   notes         free text; mention hyperparams, oddities, anything worth grepping later
#
# Example (do not commit fake data — delete before real entries land):
# 2026-06-02T14:30:00Z,G1,brain:balanced,arcane,brain:learning,1000,470,0.4700,1487,baseline tourney pre-G3

2026-05-26T19:35:01Z,BC-step5,models/bc-smoke.onnx,arcane,solo-defense-10wave,20,20,1.0000,,bc-smoke
2026-05-26T19:35:01Z,BC-step5,models/bc-smoke.onnx,mechanical,solo-defense-10wave,20,17,0.8500,,bc-smoke
2026-05-26T19:35:01Z,BC-step5,brain:random,arcane,solo-defense-10wave,20,0,0.0000,,bc-smoke
2026-05-26T19:35:01Z,BC-step5,brain:random,mechanical,solo-defense-10wave,20,0,0.0000,,bc-smoke
2026-05-26T19:35:01Z,BC-step5,brain:balanced,arcane,solo-defense-10wave,20,7,0.3500,,bc-smoke
2026-05-26T19:35:01Z,BC-step5,brain:balanced,mechanical,solo-defense-10wave,20,17,0.8500,,bc-smoke

2026-05-26T19:39:57Z,BC-step5,models/bc-smoke.onnx,arcane,solo-defense-10wave,50,50,1.0000,,bc-smoke-N50
2026-05-26T19:39:57Z,BC-step5,models/bc-smoke.onnx,mechanical,solo-defense-10wave,50,45,0.9000,,bc-smoke-N50
2026-05-26T19:39:57Z,BC-step5,brain:random,arcane,solo-defense-10wave,50,0,0.0000,,bc-smoke-N50
2026-05-26T19:39:57Z,BC-step5,brain:random,mechanical,solo-defense-10wave,50,0,0.0000,,bc-smoke-N50
2026-05-26T19:39:57Z,BC-step5,brain:balanced,arcane,solo-defense-10wave,50,20,0.4000,,bc-smoke-N50
2026-05-26T19:39:57Z,BC-step5,brain:balanced,mechanical,solo-defense-10wave,50,44,0.8800,,bc-smoke-N50

2026-05-26T20:41:05Z,ppo-smoke-2iter,models/ppo-policy.onnx,arcane,solo-defense-hard-15wave,20,14,0.7000,,ppo-smoke-2iter
2026-05-26T20:41:05Z,ppo-smoke-2iter,models/ppo-policy.onnx,mechanical,solo-defense-hard-15wave,20,7,0.3500,,ppo-smoke-2iter
2026-05-26T20:41:05Z,ppo-smoke-2iter,brain:random,arcane,solo-defense-hard-15wave,20,0,0.0000,,ppo-smoke-2iter
2026-05-26T20:41:05Z,ppo-smoke-2iter,brain:random,mechanical,solo-defense-hard-15wave,20,0,0.0000,,ppo-smoke-2iter
2026-05-26T20:41:05Z,ppo-smoke-2iter,brain:balanced,arcane,solo-defense-hard-15wave,20,0,0.0000,,ppo-smoke-2iter
2026-05-26T20:41:05Z,ppo-smoke-2iter,brain:balanced,mechanical,solo-defense-hard-15wave,20,0,0.0000,,ppo-smoke-2iter

2026-05-26T20:44:58Z,bc-smoke-at-hard15,models/bc-smoke.onnx,arcane,solo-defense-hard-15wave,20,20,1.0000,,bc-smoke-at-hard15
2026-05-26T20:44:58Z,bc-smoke-at-hard15,models/bc-smoke.onnx,mechanical,solo-defense-hard-15wave,20,2,0.1000,,bc-smoke-at-hard15
2026-05-26T20:44:58Z,bc-smoke-at-hard15,brain:random,arcane,solo-defense-hard-15wave,20,0,0.0000,,bc-smoke-at-hard15
2026-05-26T20:44:58Z,bc-smoke-at-hard15,brain:random,mechanical,solo-defense-hard-15wave,20,0,0.0000,,bc-smoke-at-hard15
2026-05-26T20:44:58Z,bc-smoke-at-hard15,brain:balanced,arcane,solo-defense-hard-15wave,20,0,0.0000,,bc-smoke-at-hard15
2026-05-26T20:44:58Z,bc-smoke-at-hard15,brain:balanced,mechanical,solo-defense-hard-15wave,20,0,0.0000,,bc-smoke-at-hard15

2026-05-27T06:21:24Z,bc-multi-ec01-N10,models/bc-multi-ec_0_01.onnx,arcane,solo-defense-normal-10wave,20,0,0.0000,,bc-multi-ec01-N10
2026-05-27T06:21:24Z,bc-multi-ec01-N10,models/bc-multi-ec_0_01.onnx,mechanical,solo-defense-normal-10wave,20,0,0.0000,,bc-multi-ec01-N10
2026-05-27T06:21:24Z,bc-multi-ec01-N10,brain:random,arcane,solo-defense-normal-10wave,20,0,0.0000,,bc-multi-ec01-N10
2026-05-27T06:21:24Z,bc-multi-ec01-N10,brain:random,mechanical,solo-defense-normal-10wave,20,0,0.0000,,bc-multi-ec01-N10
2026-05-27T06:21:24Z,bc-multi-ec01-N10,brain:balanced,arcane,solo-defense-normal-10wave,20,7,0.3500,,bc-multi-ec01-N10
2026-05-27T06:21:24Z,bc-multi-ec01-N10,brain:balanced,mechanical,solo-defense-normal-10wave,20,17,0.8500,,bc-multi-ec01-N10

2026-05-27T06:23:35Z,bc-multi-ec00-N10,models/bc-multi-ec_0_0.onnx,arcane,solo-defense-normal-10wave,20,19,0.9500,,bc-multi-ec00-N10
2026-05-27T06:23:35Z,bc-multi-ec00-N10,models/bc-multi-ec_0_0.onnx,mechanical,solo-defense-normal-10wave,20,20,1.0000,,bc-multi-ec00-N10
2026-05-27T06:23:35Z,bc-multi-ec00-N10,brain:random,arcane,solo-defense-normal-10wave,20,0,0.0000,,bc-multi-ec00-N10
2026-05-27T06:23:35Z,bc-multi-ec00-N10,brain:random,mechanical,solo-defense-normal-10wave,20,0,0.0000,,bc-multi-ec00-N10
2026-05-27T06:23:35Z,bc-multi-ec00-N10,brain:balanced,arcane,solo-defense-normal-10wave,20,7,0.3500,,bc-multi-ec00-N10
2026-05-27T06:23:35Z,bc-multi-ec00-N10,brain:balanced,mechanical,solo-defense-normal-10wave,20,17,0.8500,,bc-multi-ec00-N10

2026-05-27T14:13:18Z,bc-w30-N30,models/bc-multi-w30-ec_0_0.onnx,arcane,solo-defense-normal-30wave,20,0,0.0000,,bc-w30-N30
2026-05-27T14:13:18Z,bc-w30-N30,models/bc-multi-w30-ec_0_0.onnx,mechanical,solo-defense-normal-30wave,20,0,0.0000,,bc-w30-N30
2026-05-27T14:13:18Z,bc-w30-N30,brain:random,arcane,solo-defense-normal-30wave,20,0,0.0000,,bc-w30-N30
2026-05-27T14:13:18Z,bc-w30-N30,brain:random,mechanical,solo-defense-normal-30wave,20,0,0.0000,,bc-w30-N30
2026-05-27T14:13:18Z,bc-w30-N30,brain:balanced,arcane,solo-defense-normal-30wave,20,0,0.0000,,bc-w30-N30
2026-05-27T14:13:18Z,bc-w30-N30,brain:balanced,mechanical,solo-defense-normal-30wave,20,0,0.0000,,bc-w30-N30

2026-05-27T14:16:50Z,bc-w30-N30,models/bc-multi-w30-ec_0_0.onnx,arcane,solo-defense-normal-30wave,20,0,0.0000,,bc-w30-N30
2026-05-27T14:16:50Z,bc-w30-N30,models/bc-multi-w30-ec_0_0.onnx,mechanical,solo-defense-normal-30wave,20,0,0.0000,,bc-w30-N30
2026-05-27T14:16:50Z,bc-w30-N30,brain:random,arcane,solo-defense-normal-30wave,20,0,0.0000,,bc-w30-N30
2026-05-27T14:16:50Z,bc-w30-N30,brain:random,mechanical,solo-defense-normal-30wave,20,0,0.0000,,bc-w30-N30
2026-05-27T14:16:50Z,bc-w30-N30,brain:balanced,arcane,solo-defense-normal-30wave,20,0,0.0000,,bc-w30-N30
2026-05-27T14:16:50Z,bc-w30-N30,brain:balanced,mechanical,solo-defense-normal-30wave,20,0,0.0000,,bc-w30-N30

2026-05-27T14:29:46Z,bc-w10-tested-at-w15,models/bc-multi-ec_0_0.onnx,arcane,solo-defense-normal-15wave,20,20,1.0000,,bc-w10-tested-at-w15
2026-05-27T14:29:46Z,bc-w10-tested-at-w15,models/bc-multi-ec_0_0.onnx,mechanical,solo-defense-normal-15wave,20,19,0.9500,,bc-w10-tested-at-w15
2026-05-27T14:29:46Z,bc-w10-tested-at-w15,brain:random,arcane,solo-defense-normal-15wave,20,0,0.0000,,bc-w10-tested-at-w15
2026-05-27T14:29:46Z,bc-w10-tested-at-w15,brain:random,mechanical,solo-defense-normal-15wave,20,0,0.0000,,bc-w10-tested-at-w15
2026-05-27T14:29:46Z,bc-w10-tested-at-w15,brain:balanced,arcane,solo-defense-normal-15wave,20,5,0.2500,,bc-w10-tested-at-w15
2026-05-27T14:29:46Z,bc-w10-tested-at-w15,brain:balanced,mechanical,solo-defense-normal-15wave,20,11,0.5500,,bc-w10-tested-at-w15

2026-05-27T14:33:18Z,bc-w10-tested-at-w20,models/bc-multi-ec_0_0.onnx,arcane,solo-defense-normal-20wave,20,18,0.9000,,bc-w10-tested-at-w20
2026-05-27T14:33:18Z,bc-w10-tested-at-w20,models/bc-multi-ec_0_0.onnx,mechanical,solo-defense-normal-20wave,20,3,0.1500,,bc-w10-tested-at-w20
2026-05-27T14:33:18Z,bc-w10-tested-at-w20,brain:random,arcane,solo-defense-normal-20wave,20,0,0.0000,,bc-w10-tested-at-w20
2026-05-27T14:33:18Z,bc-w10-tested-at-w20,brain:random,mechanical,solo-defense-normal-20wave,20,0,0.0000,,bc-w10-tested-at-w20
2026-05-27T14:33:18Z,bc-w10-tested-at-w20,brain:balanced,arcane,solo-defense-normal-20wave,20,1,0.0500,,bc-w10-tested-at-w20
2026-05-27T14:33:18Z,bc-w10-tested-at-w20,brain:balanced,mechanical,solo-defense-normal-20wave,20,0,0.0000,,bc-w10-tested-at-w20

2026-05-27T14:36:46Z,bc-w10-tested-at-w25,models/bc-multi-ec_0_0.onnx,arcane,solo-defense-normal-25wave,20,0,0.0000,,bc-w10-tested-at-w25
2026-05-27T14:36:46Z,bc-w10-tested-at-w25,models/bc-multi-ec_0_0.onnx,mechanical,solo-defense-normal-25wave,20,0,0.0000,,bc-w10-tested-at-w25
2026-05-27T14:36:46Z,bc-w10-tested-at-w25,brain:random,arcane,solo-defense-normal-25wave,20,0,0.0000,,bc-w10-tested-at-w25
2026-05-27T14:36:46Z,bc-w10-tested-at-w25,brain:random,mechanical,solo-defense-normal-25wave,20,0,0.0000,,bc-w10-tested-at-w25
2026-05-27T14:36:46Z,bc-w10-tested-at-w25,brain:balanced,arcane,solo-defense-normal-25wave,20,0,0.0000,,bc-w10-tested-at-w25
2026-05-27T14:36:46Z,bc-w10-tested-at-w25,brain:balanced,mechanical,solo-defense-normal-25wave,20,0,0.0000,,bc-w10-tested-at-w25

2026-05-27T14:41:00Z,bc-w10-tested-at-hard-w15,models/bc-multi-ec_0_0.onnx,arcane,solo-defense-hard-15wave,20,3,0.1500,,bc-w10-tested-at-hard-w15
2026-05-27T14:41:00Z,bc-w10-tested-at-hard-w15,models/bc-multi-ec_0_0.onnx,mechanical,solo-defense-hard-15wave,20,1,0.0500,,bc-w10-tested-at-hard-w15
2026-05-27T14:41:00Z,bc-w10-tested-at-hard-w15,brain:random,arcane,solo-defense-hard-15wave,20,0,0.0000,,bc-w10-tested-at-hard-w15
2026-05-27T14:41:00Z,bc-w10-tested-at-hard-w15,brain:random,mechanical,solo-defense-hard-15wave,20,0,0.0000,,bc-w10-tested-at-hard-w15
2026-05-27T14:41:00Z,bc-w10-tested-at-hard-w15,brain:balanced,arcane,solo-defense-hard-15wave,20,0,0.0000,,bc-w10-tested-at-hard-w15
2026-05-27T14:41:00Z,bc-w10-tested-at-hard-w15,brain:balanced,mechanical,solo-defense-hard-15wave,20,0,0.0000,,bc-w10-tested-at-hard-w15

2026-05-27T14:43:38Z,bc-w10-tested-at-hard-w20,models/bc-multi-ec_0_0.onnx,arcane,solo-defense-hard-20wave,20,0,0.0000,,bc-w10-tested-at-hard-w20
2026-05-27T14:43:38Z,bc-w10-tested-at-hard-w20,models/bc-multi-ec_0_0.onnx,mechanical,solo-defense-hard-20wave,20,0,0.0000,,bc-w10-tested-at-hard-w20
2026-05-27T14:43:38Z,bc-w10-tested-at-hard-w20,brain:random,arcane,solo-defense-hard-20wave,20,0,0.0000,,bc-w10-tested-at-hard-w20
2026-05-27T14:43:38Z,bc-w10-tested-at-hard-w20,brain:random,mechanical,solo-defense-hard-20wave,20,0,0.0000,,bc-w10-tested-at-hard-w20
2026-05-27T14:43:38Z,bc-w10-tested-at-hard-w20,brain:balanced,arcane,solo-defense-hard-20wave,20,0,0.0000,,bc-w10-tested-at-hard-w20
2026-05-27T14:43:38Z,bc-w10-tested-at-hard-w20,brain:balanced,mechanical,solo-defense-hard-20wave,20,0,0.0000,,bc-w10-tested-at-hard-w20

2026-05-27T14:46:05Z,bc-w10-tested-at-hard-w25,models/bc-multi-ec_0_0.onnx,arcane,solo-defense-hard-25wave,20,0,0.0000,,bc-w10-tested-at-hard-w25
2026-05-27T14:46:05Z,bc-w10-tested-at-hard-w25,models/bc-multi-ec_0_0.onnx,mechanical,solo-defense-hard-25wave,20,0,0.0000,,bc-w10-tested-at-hard-w25
2026-05-27T14:46:05Z,bc-w10-tested-at-hard-w25,brain:random,arcane,solo-defense-hard-25wave,20,0,0.0000,,bc-w10-tested-at-hard-w25
2026-05-27T14:46:05Z,bc-w10-tested-at-hard-w25,brain:random,mechanical,solo-defense-hard-25wave,20,0,0.0000,,bc-w10-tested-at-hard-w25
2026-05-27T14:46:05Z,bc-w10-tested-at-hard-w25,brain:balanced,arcane,solo-defense-hard-25wave,20,0,0.0000,,bc-w10-tested-at-hard-w25
2026-05-27T14:46:05Z,bc-w10-tested-at-hard-w25,brain:balanced,mechanical,solo-defense-hard-25wave,20,0,0.0000,,bc-w10-tested-at-hard-w25

2026-05-27T17:21:00Z,bc-stdlong-w30,models/bc-multi-stdlong-w30.onnx,arcane,solo-defense-normal-30wave,20,7,0.3500,,bc-stdlong-w30
2026-05-27T17:21:00Z,bc-stdlong-w30,models/bc-multi-stdlong-w30.onnx,mechanical,solo-defense-normal-30wave,20,0,0.0000,,bc-stdlong-w30
2026-05-27T17:21:00Z,bc-stdlong-w30,brain:random,arcane,solo-defense-normal-30wave,20,0,0.0000,,bc-stdlong-w30
2026-05-27T17:21:00Z,bc-stdlong-w30,brain:random,mechanical,solo-defense-normal-30wave,20,0,0.0000,,bc-stdlong-w30
2026-05-27T17:21:00Z,bc-stdlong-w30,brain:balanced,arcane,solo-defense-normal-30wave,20,7,0.3500,,bc-stdlong-w30
2026-05-27T17:21:00Z,bc-stdlong-w30,brain:balanced,mechanical,solo-defense-normal-30wave,20,0,0.0000,,bc-stdlong-w30

2026-05-27T17:49:37Z,ppo-stdlong-10iter,models/ppo-policy.onnx,arcane,solo-defense-normal-30wave,20,0,0.0000,,ppo-stdlong-10iter
2026-05-27T17:49:37Z,ppo-stdlong-10iter,models/ppo-policy.onnx,mechanical,solo-defense-normal-30wave,20,0,0.0000,,ppo-stdlong-10iter
2026-05-27T17:49:37Z,ppo-stdlong-10iter,brain:random,arcane,solo-defense-normal-30wave,20,0,0.0000,,ppo-stdlong-10iter
2026-05-27T17:49:37Z,ppo-stdlong-10iter,brain:random,mechanical,solo-defense-normal-30wave,20,0,0.0000,,ppo-stdlong-10iter
2026-05-27T17:49:37Z,ppo-stdlong-10iter,brain:balanced,arcane,solo-defense-normal-30wave,20,4,0.2000,,ppo-stdlong-10iter
2026-05-27T17:49:37Z,ppo-stdlong-10iter,brain:balanced,mechanical,solo-defense-normal-30wave,20,1,0.0500,,ppo-stdlong-10iter

2026-05-27T17:54:10Z,bc-stdlong-w30-seed20k,models/bc-multi-stdlong-w30.onnx,arcane,solo-defense-normal-30wave,20,10,0.5000,,bc-stdlong-w30-seed20k
2026-05-27T17:54:10Z,bc-stdlong-w30-seed20k,models/bc-multi-stdlong-w30.onnx,mechanical,solo-defense-normal-30wave,20,2,0.1000,,bc-stdlong-w30-seed20k
2026-05-27T17:54:10Z,bc-stdlong-w30-seed20k,brain:random,arcane,solo-defense-normal-30wave,20,0,0.0000,,bc-stdlong-w30-seed20k
2026-05-27T17:54:10Z,bc-stdlong-w30-seed20k,brain:random,mechanical,solo-defense-normal-30wave,20,0,0.0000,,bc-stdlong-w30-seed20k
2026-05-27T17:54:10Z,bc-stdlong-w30-seed20k,brain:balanced,arcane,solo-defense-normal-30wave,20,4,0.2000,,bc-stdlong-w30-seed20k
2026-05-27T17:54:10Z,bc-stdlong-w30-seed20k,brain:balanced,mechanical,solo-defense-normal-30wave,20,1,0.0500,,bc-stdlong-w30-seed20k

2026-05-27T17:58:47Z,ppo-10iter-T03,models/ppo-policy.onnx,arcane,solo-defense-normal-30wave,20,16,0.8000,,ppo-10iter-T03
2026-05-27T17:58:47Z,ppo-10iter-T03,models/ppo-policy.onnx,mechanical,solo-defense-normal-30wave,20,0,0.0000,,ppo-10iter-T03
2026-05-27T17:58:47Z,ppo-10iter-T03,brain:random,arcane,solo-defense-normal-30wave,20,0,0.0000,,ppo-10iter-T03
2026-05-27T17:58:47Z,ppo-10iter-T03,brain:random,mechanical,solo-defense-normal-30wave,20,0,0.0000,,ppo-10iter-T03
2026-05-27T17:58:47Z,ppo-10iter-T03,brain:balanced,arcane,solo-defense-normal-30wave,20,4,0.2000,,ppo-10iter-T03
2026-05-27T17:58:47Z,ppo-10iter-T03,brain:balanced,mechanical,solo-defense-normal-30wave,20,1,0.0500,,ppo-10iter-T03

2026-05-27T22:05:36Z,ppo-50iter-arc-T03,models/ppo-stdlong-w30-50iter.onnx,arcane,solo-defense-normal-30wave,20,15,0.7500,,ppo-50iter-arc-T03
2026-05-27T22:05:36Z,ppo-50iter-arc-T03,brain:random,arcane,solo-defense-normal-30wave,20,0,0.0000,,ppo-50iter-arc-T03
2026-05-27T22:05:36Z,ppo-50iter-arc-T03,brain:balanced,arcane,solo-defense-normal-30wave,20,4,0.2000,,ppo-50iter-arc-T03

2026-05-27T22:08:55Z,ppo-50iter-arc-T0.1,models/ppo-stdlong-w30-50iter.onnx,arcane,solo-defense-normal-30wave,20,20,1.0000,,ppo-50iter-arc-T0.1
2026-05-27T22:08:55Z,ppo-50iter-arc-T0.1,brain:random,arcane,solo-defense-normal-30wave,20,0,0.0000,,ppo-50iter-arc-T0.1
2026-05-27T22:08:55Z,ppo-50iter-arc-T0.1,brain:balanced,arcane,solo-defense-normal-30wave,20,4,0.2000,,ppo-50iter-arc-T0.1

2026-05-27T22:11:38Z,ppo-50iter-arc-T0.2,models/ppo-stdlong-w30-50iter.onnx,arcane,solo-defense-normal-30wave,20,12,0.6000,,ppo-50iter-arc-T0.2
2026-05-27T22:11:38Z,ppo-50iter-arc-T0.2,brain:random,arcane,solo-defense-normal-30wave,20,0,0.0000,,ppo-50iter-arc-T0.2
2026-05-27T22:11:38Z,ppo-50iter-arc-T0.2,brain:balanced,arcane,solo-defense-normal-30wave,20,4,0.2000,,ppo-50iter-arc-T0.2

2026-05-27T22:14:22Z,ppo-50iter-arc-T0.5,models/ppo-stdlong-w30-50iter.onnx,arcane,solo-defense-normal-30wave,20,17,0.8500,,ppo-50iter-arc-T0.5
2026-05-27T22:14:22Z,ppo-50iter-arc-T0.5,brain:random,arcane,solo-defense-normal-30wave,20,0,0.0000,,ppo-50iter-arc-T0.5
2026-05-27T22:14:22Z,ppo-50iter-arc-T0.5,brain:balanced,arcane,solo-defense-normal-30wave,20,4,0.2000,,ppo-50iter-arc-T0.5

2026-05-27T22:17:27Z,ppo-50iter-arc-T0,models/ppo-stdlong-w30-50iter.onnx,arcane,solo-defense-normal-30wave,20,20,1.0000,,ppo-50iter-arc-T0
2026-05-27T22:17:27Z,ppo-50iter-arc-T0,brain:random,arcane,solo-defense-normal-30wave,20,0,0.0000,,ppo-50iter-arc-T0
2026-05-27T22:17:27Z,ppo-50iter-arc-T0,brain:balanced,arcane,solo-defense-normal-30wave,20,4,0.2000,,ppo-50iter-arc-T0

2026-05-28T00:19:36Z,ppo-coverage-20iter-T0,models/ppo-policy.onnx,arcane,solo-defense-normal-30wave,20,20,1.0000,,ppo-coverage-20iter-T0
2026-05-28T00:19:36Z,ppo-coverage-20iter-T0,brain:random,arcane,solo-defense-normal-30wave,20,0,0.0000,,ppo-coverage-20iter-T0
2026-05-28T00:19:36Z,ppo-coverage-20iter-T0,brain:balanced,arcane,solo-defense-normal-30wave,20,4,0.2000,,ppo-coverage-20iter-T0

2026-05-28T00:22:07Z,ppo-coverage-20iter-T0.1,models/ppo-policy.onnx,arcane,solo-defense-normal-30wave,20,20,1.0000,,ppo-coverage-20iter-T0.1
2026-05-28T00:22:07Z,ppo-coverage-20iter-T0.1,brain:random,arcane,solo-defense-normal-30wave,20,0,0.0000,,ppo-coverage-20iter-T0.1
2026-05-28T00:22:07Z,ppo-coverage-20iter-T0.1,brain:balanced,arcane,solo-defense-normal-30wave,20,4,0.2000,,ppo-coverage-20iter-T0.1

2026-05-28T00:24:36Z,ppo-coverage-20iter-T0.3,models/ppo-policy.onnx,arcane,solo-defense-normal-30wave,20,18,0.9000,,ppo-coverage-20iter-T0.3
2026-05-28T00:24:36Z,ppo-coverage-20iter-T0.3,brain:random,arcane,solo-defense-normal-30wave,20,0,0.0000,,ppo-coverage-20iter-T0.3
2026-05-28T00:24:36Z,ppo-coverage-20iter-T0.3,brain:balanced,arcane,solo-defense-normal-30wave,20,4,0.2000,,ppo-coverage-20iter-T0.3

2026-05-28T00:27:08Z,ppo-coverage-20iter-T0.5,models/ppo-policy.onnx,arcane,solo-defense-normal-30wave,20,19,0.9500,,ppo-coverage-20iter-T0.5
2026-05-28T00:27:08Z,ppo-coverage-20iter-T0.5,brain:random,arcane,solo-defense-normal-30wave,20,0,0.0000,,ppo-coverage-20iter-T0.5
2026-05-28T00:27:08Z,ppo-coverage-20iter-T0.5,brain:balanced,arcane,solo-defense-normal-30wave,20,4,0.2000,,ppo-coverage-20iter-T0.5

2026-05-28T01:16:24Z,bc-scaled-hard,models/bc-multi-scaled-hard50.onnx,arcane,solo-defense-hard-50wave,20,0,0.0000,,bc-scaled-hard
2026-05-28T01:16:24Z,bc-scaled-hard,models/bc-multi-scaled-hard50.onnx,mechanical,solo-defense-hard-50wave,20,0,0.0000,,bc-scaled-hard
2026-05-28T01:16:24Z,bc-scaled-hard,brain:random,arcane,solo-defense-hard-50wave,20,0,0.0000,,bc-scaled-hard
2026-05-28T01:16:24Z,bc-scaled-hard,brain:random,mechanical,solo-defense-hard-50wave,20,0,0.0000,,bc-scaled-hard
2026-05-28T01:16:24Z,bc-scaled-hard,brain:balanced,arcane,solo-defense-hard-50wave,20,0,0.0000,,bc-scaled-hard
2026-05-28T01:16:24Z,bc-scaled-hard,brain:balanced,mechanical,solo-defense-hard-50wave,20,0,0.0000,,bc-scaled-hard

2026-05-28T01:36:30Z,bc-scaled-normal,models/bc-multi-scaled-normal50.onnx,arcane,solo-defense-normal-50wave,20,0,0.0000,,bc-scaled-normal
2026-05-28T01:36:30Z,bc-scaled-normal,models/bc-multi-scaled-normal50.onnx,mechanical,solo-defense-normal-50wave,20,0,0.0000,,bc-scaled-normal
2026-05-28T01:36:30Z,bc-scaled-normal,brain:random,arcane,solo-defense-normal-50wave,20,0,0.0000,,bc-scaled-normal
2026-05-28T01:36:30Z,bc-scaled-normal,brain:random,mechanical,solo-defense-normal-50wave,20,0,0.0000,,bc-scaled-normal
2026-05-28T01:36:30Z,bc-scaled-normal,brain:balanced,arcane,solo-defense-normal-50wave,20,0,0.0000,,bc-scaled-normal
2026-05-28T01:36:30Z,bc-scaled-normal,brain:balanced,mechanical,solo-defense-normal-50wave,20,0,0.0000,,bc-scaled-normal

2026-05-28T02:20:10Z,ppo-scaled-normal-20iter-T0,models/ppo-scaled-normal-20iter.onnx,arcane,solo-defense-normal-50wave,20,0,0.0000,,ppo-scaled-normal-20iter-T0
2026-05-28T02:20:10Z,ppo-scaled-normal-20iter-T0,brain:random,arcane,solo-defense-normal-50wave,20,0,0.0000,,ppo-scaled-normal-20iter-T0
2026-05-28T02:20:10Z,ppo-scaled-normal-20iter-T0,brain:balanced,arcane,solo-defense-normal-50wave,20,0,0.0000,,ppo-scaled-normal-20iter-T0

2026-05-28T02:22:48Z,ppo-scaled-normal-20iter-T0.1,models/ppo-scaled-normal-20iter.onnx,arcane,solo-defense-normal-50wave,20,0,0.0000,,ppo-scaled-normal-20iter-T0.1
2026-05-28T02:22:48Z,ppo-scaled-normal-20iter-T0.1,brain:random,arcane,solo-defense-normal-50wave,20,0,0.0000,,ppo-scaled-normal-20iter-T0.1
2026-05-28T02:22:48Z,ppo-scaled-normal-20iter-T0.1,brain:balanced,arcane,solo-defense-normal-50wave,20,0,0.0000,,ppo-scaled-normal-20iter-T0.1

2026-05-28T02:25:34Z,ppo-scaled-normal-20iter-T0.3,models/ppo-scaled-normal-20iter.onnx,arcane,solo-defense-normal-50wave,20,0,0.0000,,ppo-scaled-normal-20iter-T0.3
2026-05-28T02:25:34Z,ppo-scaled-normal-20iter-T0.3,brain:random,arcane,solo-defense-normal-50wave,20,0,0.0000,,ppo-scaled-normal-20iter-T0.3
2026-05-28T02:25:34Z,ppo-scaled-normal-20iter-T0.3,brain:balanced,arcane,solo-defense-normal-50wave,20,0,0.0000,,ppo-scaled-normal-20iter-T0.3

2026-05-28T02:28:20Z,ppo-scaled-normal-20iter-T0.5,models/ppo-scaled-normal-20iter.onnx,arcane,solo-defense-normal-50wave,20,0,0.0000,,ppo-scaled-normal-20iter-T0.5
2026-05-28T02:28:20Z,ppo-scaled-normal-20iter-T0.5,brain:random,arcane,solo-defense-normal-50wave,20,0,0.0000,,ppo-scaled-normal-20iter-T0.5
2026-05-28T02:28:20Z,ppo-scaled-normal-20iter-T0.5,brain:balanced,arcane,solo-defense-normal-50wave,20,0,0.0000,,ppo-scaled-normal-20iter-T0.5

2026-05-28T03:32:20Z,ppo-product-20iter-T0,models/ppo-product-20iter.onnx,arcane,solo-defense-normal-50wave,20,0,0.0000,,ppo-product-20iter-T0
2026-05-28T03:32:20Z,ppo-product-20iter-T0,brain:random,arcane,solo-defense-normal-50wave,20,0,0.0000,,ppo-product-20iter-T0
2026-05-28T03:32:20Z,ppo-product-20iter-T0,brain:balanced,arcane,solo-defense-normal-50wave,20,0,0.0000,,ppo-product-20iter-T0

2026-05-28T03:35:08Z,ppo-product-20iter-T0.1,models/ppo-product-20iter.onnx,arcane,solo-defense-normal-50wave,20,0,0.0000,,ppo-product-20iter-T0.1
2026-05-28T03:35:08Z,ppo-product-20iter-T0.1,brain:random,arcane,solo-defense-normal-50wave,20,0,0.0000,,ppo-product-20iter-T0.1
2026-05-28T03:35:08Z,ppo-product-20iter-T0.1,brain:balanced,arcane,solo-defense-normal-50wave,20,0,0.0000,,ppo-product-20iter-T0.1

2026-05-28T03:37:53Z,ppo-product-20iter-T0.3,models/ppo-product-20iter.onnx,arcane,solo-defense-normal-50wave,20,0,0.0000,,ppo-product-20iter-T0.3
2026-05-28T03:37:53Z,ppo-product-20iter-T0.3,brain:random,arcane,solo-defense-normal-50wave,20,0,0.0000,,ppo-product-20iter-T0.3
2026-05-28T03:37:53Z,ppo-product-20iter-T0.3,brain:balanced,arcane,solo-defense-normal-50wave,20,0,0.0000,,ppo-product-20iter-T0.3

2026-05-28T03:40:47Z,ppo-product-20iter-T0.5,models/ppo-product-20iter.onnx,arcane,solo-defense-normal-50wave,20,0,0.0000,,ppo-product-20iter-T0.5
2026-05-28T03:40:47Z,ppo-product-20iter-T0.5,brain:random,arcane,solo-defense-normal-50wave,20,0,0.0000,,ppo-product-20iter-T0.5
2026-05-28T03:40:47Z,ppo-product-20iter-T0.5,brain:balanced,arcane,solo-defense-normal-50wave,20,0,0.0000,,ppo-product-20iter-T0.5

2026-05-28T06:25:16Z,ppo-turns-T0,models/ppo-turns-20iter.onnx,arcane,solo-defense-normal-50wave,20,0,0.0000,,ppo-turns-T0
2026-05-28T06:25:16Z,ppo-turns-T0,brain:random,arcane,solo-defense-normal-50wave,20,0,0.0000,,ppo-turns-T0
2026-05-28T06:25:16Z,ppo-turns-T0,brain:balanced,arcane,solo-defense-normal-50wave,20,0,0.0000,,ppo-turns-T0

2026-05-28T06:28:04Z,ppo-turns-T0.1,models/ppo-turns-20iter.onnx,arcane,solo-defense-normal-50wave,20,0,0.0000,,ppo-turns-T0.1
2026-05-28T06:28:04Z,ppo-turns-T0.1,brain:random,arcane,solo-defense-normal-50wave,20,0,0.0000,,ppo-turns-T0.1
2026-05-28T06:28:04Z,ppo-turns-T0.1,brain:balanced,arcane,solo-defense-normal-50wave,20,0,0.0000,,ppo-turns-T0.1

2026-05-28T06:30:57Z,ppo-turns-T0.3,models/ppo-turns-20iter.onnx,arcane,solo-defense-normal-50wave,20,0,0.0000,,ppo-turns-T0.3
2026-05-28T06:30:57Z,ppo-turns-T0.3,brain:random,arcane,solo-defense-normal-50wave,20,0,0.0000,,ppo-turns-T0.3
2026-05-28T06:30:57Z,ppo-turns-T0.3,brain:balanced,arcane,solo-defense-normal-50wave,20,0,0.0000,,ppo-turns-T0.3

2026-05-28T06:33:43Z,ppo-turns-T0.5,models/ppo-turns-20iter.onnx,arcane,solo-defense-normal-50wave,20,0,0.0000,,ppo-turns-T0.5
2026-05-28T06:33:43Z,ppo-turns-T0.5,brain:random,arcane,solo-defense-normal-50wave,20,0,0.0000,,ppo-turns-T0.5
2026-05-28T06:33:43Z,ppo-turns-T0.5,brain:balanced,arcane,solo-defense-normal-50wave,20,0,0.0000,,ppo-turns-T0.5

2026-05-28T07:29:52Z,ppo-opt-T0,models/ppo-opt-20iter.onnx,arcane,solo-defense-normal-50wave,20,0,0.0000,,ppo-opt-T0
2026-05-28T07:29:52Z,ppo-opt-T0,brain:random,arcane,solo-defense-normal-50wave,20,0,0.0000,,ppo-opt-T0
2026-05-28T07:29:52Z,ppo-opt-T0,brain:balanced,arcane,solo-defense-normal-50wave,20,0,0.0000,,ppo-opt-T0

2026-05-28T07:32:55Z,ppo-opt-T0.1,models/ppo-opt-20iter.onnx,arcane,solo-defense-normal-50wave,20,0,0.0000,,ppo-opt-T0.1
2026-05-28T07:32:55Z,ppo-opt-T0.1,brain:random,arcane,solo-defense-normal-50wave,20,0,0.0000,,ppo-opt-T0.1
2026-05-28T07:32:55Z,ppo-opt-T0.1,brain:balanced,arcane,solo-defense-normal-50wave,20,0,0.0000,,ppo-opt-T0.1

2026-05-28T07:36:10Z,ppo-opt-T0.3,models/ppo-opt-20iter.onnx,arcane,solo-defense-normal-50wave,20,0,0.0000,,ppo-opt-T0.3
2026-05-28T07:36:10Z,ppo-opt-T0.3,brain:random,arcane,solo-defense-normal-50wave,20,0,0.0000,,ppo-opt-T0.3
2026-05-28T07:36:10Z,ppo-opt-T0.3,brain:balanced,arcane,solo-defense-normal-50wave,20,0,0.0000,,ppo-opt-T0.3

2026-05-28T07:39:17Z,ppo-opt-T0.5,models/ppo-opt-20iter.onnx,arcane,solo-defense-normal-50wave,20,0,0.0000,,ppo-opt-T0.5
2026-05-28T07:39:17Z,ppo-opt-T0.5,brain:random,arcane,solo-defense-normal-50wave,20,0,0.0000,,ppo-opt-T0.5
2026-05-28T07:39:17Z,ppo-opt-T0.5,brain:balanced,arcane,solo-defense-normal-50wave,20,0,0.0000,,ppo-opt-T0.5

2026-05-28T16:03:12Z,bc-smoke,models/bc-optimizer.onnx,arcane,solo-defense-normal-15wave,20,20,1.0000,,bc-smoke
2026-05-28T16:03:12Z,bc-smoke,brain:random,arcane,solo-defense-normal-15wave,20,0,0.0000,,bc-smoke
2026-05-28T16:03:12Z,bc-smoke,brain:balanced,arcane,solo-defense-normal-15wave,20,5,0.2500,,bc-smoke

2026-05-28T16:29:42Z,bc-smoke,models/bc-optimizer-v2.onnx,arcane,solo-defense-normal-50wave,20,0,0.0000,,bc-smoke
2026-05-28T16:29:42Z,bc-smoke,brain:random,arcane,solo-defense-normal-50wave,20,0,0.0000,,bc-smoke
2026-05-28T16:29:42Z,bc-smoke,brain:balanced,arcane,solo-defense-normal-50wave,20,0,0.0000,,bc-smoke

2026-05-28T16:31:21Z,bc-smoke,models/bc-optimizer-v2.onnx,arcane,solo-defense-normal-50wave,10,0,0.0000,,bc-smoke
2026-05-28T16:31:21Z,bc-smoke,brain:random,arcane,solo-defense-normal-50wave,10,0,0.0000,,bc-smoke
2026-05-28T16:31:21Z,bc-smoke,brain:balanced,arcane,solo-defense-normal-50wave,10,0,0.0000,,bc-smoke

2026-05-28T16:32:26Z,bc-smoke,models/bc-optimizer-v2.onnx,arcane,solo-defense-normal-50wave,10,0,0.0000,,bc-smoke
2026-05-28T16:32:26Z,bc-smoke,brain:random,arcane,solo-defense-normal-50wave,10,0,0.0000,,bc-smoke
2026-05-28T16:32:26Z,bc-smoke,brain:balanced,arcane,solo-defense-normal-50wave,10,0,0.0000,,bc-smoke

2026-05-28T16:33:08Z,bc-smoke,models/bc-optimizer-v2.onnx,arcane,solo-defense-normal-50wave,10,0,0.0000,,bc-smoke
2026-05-28T16:33:08Z,bc-smoke,brain:random,arcane,solo-defense-normal-50wave,10,0,0.0000,,bc-smoke
2026-05-28T16:33:08Z,bc-smoke,brain:balanced,arcane,solo-defense-normal-50wave,10,0,0.0000,,bc-smoke

2026-05-28T16:33:46Z,bc-smoke,models/bc-optimizer-v2.onnx,arcane,solo-defense-normal-50wave,10,0,0.0000,,bc-smoke
2026-05-28T16:33:46Z,bc-smoke,brain:random,arcane,solo-defense-normal-50wave,10,0,0.0000,,bc-smoke
2026-05-28T16:33:46Z,bc-smoke,brain:balanced,arcane,solo-defense-normal-50wave,10,0,0.0000,,bc-smoke

2026-05-29T06:00:27Z,bc-smoke,models/bc-optimizer-v3.onnx,arcane,solo-defense-normal-25wave,10,0,0.0000,,bc-smoke
2026-05-29T06:00:27Z,bc-smoke,brain:random,arcane,solo-defense-normal-25wave,10,0,0.0000,,bc-smoke
2026-05-29T06:00:27Z,bc-smoke,brain:balanced,arcane,solo-defense-normal-25wave,10,0,0.0000,,bc-smoke

2026-05-29T06:00:45Z,bc-smoke,models/bc-optimizer-v3.onnx,arcane,solo-defense-normal-25wave,5,0,0.0000,,bc-smoke
2026-05-29T06:00:45Z,bc-smoke,brain:random,arcane,solo-defense-normal-25wave,5,0,0.0000,,bc-smoke
2026-05-29T06:00:45Z,bc-smoke,brain:balanced,arcane,solo-defense-normal-25wave,5,0,0.0000,,bc-smoke

2026-05-29T06:01:03Z,bc-smoke,models/bc-optimizer-v3.onnx,arcane,solo-defense-normal-25wave,5,0,0.0000,,bc-smoke
2026-05-29T06:01:03Z,bc-smoke,brain:random,arcane,solo-defense-normal-25wave,5,0,0.0000,,bc-smoke
2026-05-29T06:01:03Z,bc-smoke,brain:balanced,arcane,solo-defense-normal-25wave,5,0,0.0000,,bc-smoke

2026-05-29T06:01:22Z,bc-smoke,models/bc-optimizer-v3.onnx,arcane,solo-defense-normal-25wave,5,0,0.0000,,bc-smoke
2026-05-29T06:01:22Z,bc-smoke,brain:random,arcane,solo-defense-normal-25wave,5,0,0.0000,,bc-smoke
2026-05-29T06:01:22Z,bc-smoke,brain:balanced,arcane,solo-defense-normal-25wave,5,0,0.0000,,bc-smoke

2026-05-29T06:17:15Z,bc-smoke,models/ppo-bc-opt-v3.onnx,arcane,solo-defense-normal-25wave,20,0,0.0000,,bc-smoke
2026-05-29T06:17:15Z,bc-smoke,brain:random,arcane,solo-defense-normal-25wave,20,0,0.0000,,bc-smoke
2026-05-29T06:17:15Z,bc-smoke,brain:balanced,arcane,solo-defense-normal-25wave,20,0,0.0000,,bc-smoke

2026-05-29T06:18:00Z,bc-smoke,models/ppo-bc-opt-v3.onnx,arcane,solo-defense-normal-25wave,20,0,0.0000,,bc-smoke
2026-05-29T06:18:00Z,bc-smoke,brain:random,arcane,solo-defense-normal-25wave,20,0,0.0000,,bc-smoke
2026-05-29T06:18:00Z,bc-smoke,brain:balanced,arcane,solo-defense-normal-25wave,20,0,0.0000,,bc-smoke

2026-05-29T16:46:29Z,bc-smoke,models/ppo-bc-opt-v3b.onnx,arcane,solo-defense-normal-25wave,20,0,0.0000,,bc-smoke
2026-05-29T16:46:29Z,bc-smoke,brain:random,arcane,solo-defense-normal-25wave,20,0,0.0000,,bc-smoke
2026-05-29T16:46:29Z,bc-smoke,brain:balanced,arcane,solo-defense-normal-25wave,20,0,0.0000,,bc-smoke

2026-05-29T16:49:23Z,bc-smoke,models/ppo-bc-opt-v3b.onnx,arcane,solo-defense-normal-50wave,20,0,0.0000,,bc-smoke
2026-05-29T16:49:23Z,bc-smoke,brain:random,arcane,solo-defense-normal-50wave,20,0,0.0000,,bc-smoke
2026-05-29T16:49:23Z,bc-smoke,brain:balanced,arcane,solo-defense-normal-50wave,20,0,0.0000,,bc-smoke

2026-05-30T00:52:30Z,bc-smoke,models/ppo-bc-opt-v3c.onnx,arcane,solo-defense-normal-25wave,20,1,0.0500,,bc-smoke
2026-05-30T00:52:30Z,bc-smoke,brain:random,arcane,solo-defense-normal-25wave,20,0,0.0000,,bc-smoke
2026-05-30T00:52:30Z,bc-smoke,brain:balanced,arcane,solo-defense-normal-25wave,20,0,0.0000,,bc-smoke

2026-05-30T00:55:23Z,bc-smoke,models/ppo-bc-opt-v3c.onnx,arcane,solo-defense-normal-50wave,20,0,0.0000,,bc-smoke
2026-05-30T00:55:23Z,bc-smoke,brain:random,arcane,solo-defense-normal-50wave,20,0,0.0000,,bc-smoke
2026-05-30T00:55:23Z,bc-smoke,brain:balanced,arcane,solo-defense-normal-50wave,20,0,0.0000,,bc-smoke

2026-05-30T17:02:10Z,bc-smoke,models/ppo-bc-opt-v3d.onnx,arcane,solo-defense-normal-25wave,20,0,0.0000,,bc-smoke
2026-05-30T17:02:10Z,bc-smoke,brain:random,arcane,solo-defense-normal-25wave,20,0,0.0000,,bc-smoke
2026-05-30T17:02:10Z,bc-smoke,brain:balanced,arcane,solo-defense-normal-25wave,20,0,0.0000,,bc-smoke

2026-05-30T17:04:52Z,bc-smoke,models/ppo-bc-opt-v3d.onnx,arcane,solo-defense-normal-50wave,20,0,0.0000,,bc-smoke
2026-05-30T17:04:52Z,bc-smoke,brain:random,arcane,solo-defense-normal-50wave,20,0,0.0000,,bc-smoke
2026-05-30T17:04:52Z,bc-smoke,brain:balanced,arcane,solo-defense-normal-50wave,20,0,0.0000,,bc-smoke

2026-05-30T21:31:00Z,bc-smoke,models/ppo-bc-opt-v4.onnx,arcane,solo-defense-normal-25wave,20,10,0.5000,,bc-smoke
2026-05-30T21:31:00Z,bc-smoke,brain:random,arcane,solo-defense-normal-25wave,20,0,0.0000,,bc-smoke
2026-05-30T21:31:00Z,bc-smoke,brain:balanced,arcane,solo-defense-normal-25wave,20,0,0.0000,,bc-smoke

2026-05-30T21:34:24Z,bc-smoke,models/ppo-bc-opt-v4.onnx,arcane,solo-defense-normal-50wave,20,0,0.0000,,bc-smoke
2026-05-30T21:34:24Z,bc-smoke,brain:random,arcane,solo-defense-normal-50wave,20,0,0.0000,,bc-smoke
2026-05-30T21:34:24Z,bc-smoke,brain:balanced,arcane,solo-defense-normal-50wave,20,0,0.0000,,bc-smoke

2026-05-31T00:05:38Z,bc-smoke,models/ppo-bc-opt-v4.onnx,arcane,solo-defense-normal-25wave,20,5,0.2500,,bc-smoke
2026-05-31T00:05:38Z,bc-smoke,brain:random,arcane,solo-defense-normal-25wave,20,0,0.0000,,bc-smoke
2026-05-31T00:05:38Z,bc-smoke,brain:balanced,arcane,solo-defense-normal-25wave,20,0,0.0000,,bc-smoke

2026-05-31T00:07:54Z,bc-smoke,models/ppo-bc-opt-v4.onnx,arcane,solo-defense-normal-25wave,20,2,0.1000,,bc-smoke
2026-05-31T00:07:54Z,bc-smoke,brain:random,arcane,solo-defense-normal-25wave,20,0,0.0000,,bc-smoke
2026-05-31T00:07:54Z,bc-smoke,brain:balanced,arcane,solo-defense-normal-25wave,20,0,0.0000,,bc-smoke

2026-05-31T00:10:04Z,bc-smoke,models/ppo-bc-opt-v4.onnx,arcane,solo-defense-normal-25wave,20,0,0.0000,,bc-smoke
2026-05-31T00:10:04Z,bc-smoke,brain:random,arcane,solo-defense-normal-25wave,20,0,0.0000,,bc-smoke
2026-05-31T00:10:04Z,bc-smoke,brain:balanced,arcane,solo-defense-normal-25wave,20,0,0.0000,,bc-smoke

2026-05-31T02:16:58Z,bc-smoke,models/ppo-bc-opt-v5.onnx,arcane,solo-defense-normal-25wave,20,0,0.0000,,bc-smoke
2026-05-31T02:16:58Z,bc-smoke,brain:random,arcane,solo-defense-normal-25wave,20,0,0.0000,,bc-smoke
2026-05-31T02:16:58Z,bc-smoke,brain:balanced,arcane,solo-defense-normal-25wave,20,0,0.0000,,bc-smoke

2026-05-31T02:19:14Z,bc-smoke,models/ppo-bc-opt-v5.onnx,arcane,solo-defense-normal-50wave,20,0,0.0000,,bc-smoke
2026-05-31T02:19:14Z,bc-smoke,brain:random,arcane,solo-defense-normal-50wave,20,0,0.0000,,bc-smoke
2026-05-31T02:19:14Z,bc-smoke,brain:balanced,arcane,solo-defense-normal-50wave,20,0,0.0000,,bc-smoke

2026-05-31T16:14:20Z,bc-smoke,models/ppo-bc-opt-v6.onnx,arcane,solo-defense-normal-25wave,20,0,0.0000,,bc-smoke
2026-05-31T16:14:20Z,bc-smoke,brain:random,arcane,solo-defense-normal-25wave,20,0,0.0000,,bc-smoke
2026-05-31T16:14:20Z,bc-smoke,brain:balanced,arcane,solo-defense-normal-25wave,20,0,0.0000,,bc-smoke

2026-05-31T16:16:41Z,bc-smoke,models/ppo-bc-opt-v6.onnx,arcane,solo-defense-normal-50wave,20,0,0.0000,,bc-smoke
2026-05-31T16:16:41Z,bc-smoke,brain:random,arcane,solo-defense-normal-50wave,20,0,0.0000,,bc-smoke
2026-05-31T16:16:41Z,bc-smoke,brain:balanced,arcane,solo-defense-normal-50wave,20,0,0.0000,,bc-smoke

2026-06-01T04:20:25Z,arch2-random,models/ppo-arch2-random.onnx,arcane,solo-defense-normal-25wave,100,0,0.0000,,arch2-random
2026-06-01T04:20:25Z,arch2-random,brain:random,arcane,solo-defense-normal-25wave,100,0,0.0000,,arch2-random
2026-06-01T04:20:25Z,arch2-random,brain:balanced,arcane,solo-defense-normal-25wave,100,0,0.0000,,arch2-random

2026-06-01T09:01:17Z,ppo-multimap-v7,models/ppo-multimap-v7.onnx,arcane,solo-defense-normal-25wave,100,0,0.0000,,ppo-multimap-v7
2026-06-01T09:01:17Z,ppo-multimap-v7,brain:random,arcane,solo-defense-normal-25wave,100,0,0.0000,,ppo-multimap-v7
2026-06-01T09:01:17Z,ppo-multimap-v7,brain:balanced,arcane,solo-defense-normal-25wave,100,0,0.0000,,ppo-multimap-v7
